what,kind,bundleId,bundleVersion,description,time
executed,command,org.eclipse.ui.workbench.texteditor,3.6.1.r361_v20100714-0800,"org.eclipse.ui.edit.text.select.wordPrevious",1298590008857
executed,command,org.eclipse.ui.workbench.texteditor,3.6.1.r361_v20100714-0800,"org.eclipse.ui.edit.text.select.wordPrevious",1298590009032
executed,command,org.eclipse.ui.workbench.texteditor,3.6.1.r361_v20100714-0800,"org.eclipse.ui.edit.text.select.wordPrevious",1298590009206
executed,command,org.eclipse.ui.workbench.texteditor,3.6.1.r361_v20100714-0800,"org.eclipse.ui.edit.text.select.wordPrevious",1298590009418
executed,command,org.eclipse.ui.workbench.texteditor,3.6.1.r361_v20100714-0800,"org.eclipse.ui.edit.text.select.wordPrevious",1298590009526
executed,command,org.eclipse.ui.workbench.texteditor,3.6.1.r361_v20100714-0800,"org.eclipse.ui.edit.text.select.wordNext",1298590009876
executed,command,org.eclipse.ui,3.6.1.M20100826-1330,"org.eclipse.ui.file.save",1298590014181
executed,command,,,"AUTOGEN:::org.eclipse.jdt.internal.ui.CompilationUnitEditor.ruler.actions/org.eclipse.jdt.internal.ui.javaeditor.JavaSelectRulerAction",1298590038156
deactivated,workbench,org.eclipse.ui.workbench,3.6.1.M20100826-1330,"",1298590039561
activated,workbench,org.eclipse.ui.workbench,3.6.1.M20100826-1330,"",1298590039717
executed,command,,,"AUTOGEN:::org.eclipse.jdt.internal.ui.CompilationUnitEditor.ruler.actions/org.eclipse.jdt.internal.ui.javaeditor.JavaSelectRulerAction",1298590071645
deactivated,workbench,org.eclipse.ui.workbench,3.6.1.M20100826-1330,"",1298590073201
activated,workbench,org.eclipse.ui.workbench,3.6.1.M20100826-1330,"",1298590073364
deactivated,workbench,org.eclipse.ui.workbench,3.6.1.M20100826-1330,"",1298590073448
activated,workbench,org.eclipse.ui.workbench,3.6.1.M20100826-1330,"",1298590076588
opened,editor,org.eclipse.jdt.ui,3.6.1.r361_v20100825-0800,"org.eclipse.jdt.ui.CompilationUnitEditor",1298590076675
activated,editor,org.eclipse.jdt.ui,3.6.1.r361_v20100825-0800,"org.eclipse.jdt.ui.CompilationUnitEditor",1298590076732
activated,editor,org.eclipse.jdt.ui,3.6.1.r361_v20100825-0800,"org.eclipse.jdt.ui.CompilationUnitEditor",1298590078110
executed,command,,,"AUTOGEN:::org.eclipse.jdt.internal.ui.CompilationUnitEditor.ruler.actions/org.eclipse.jdt.internal.ui.javaeditor.JavaSelectRulerAction",1298590079869
deactivated,workbench,org.eclipse.ui.workbench,3.6.1.M20100826-1330,"",1298590080665
activated,workbench,org.eclipse.ui.workbench,3.6.1.M20100826-1330,"",1298590080813
activated,editor,org.eclipse.jdt.ui,3.6.1.r361_v20100825-0800,"org.eclipse.jdt.ui.CompilationUnitEditor",1298590080860
executed,command,org.eclipse.ui,3.6.1.M20100826-1330,"org.eclipse.ui.file.saveAll",1298590081406
activated,editor,org.eclipse.jdt.ui,3.6.1.r361_v20100825-0800,"org.eclipse.jdt.ui.CompilationUnitEditor",1298590082189
activated,view,org.eclipse.jdt.junit,3.6.1.r361_v20100825-0800,"org.eclipse.jdt.junit.ResultView",1298590087387
activated,view,org.eclipse.ui.console,3.5.0.v20100526,"org.eclipse.ui.console.ConsoleView",1298590087483
activated,editor,org.eclipse.jdt.ui,3.6.1.r361_v20100825-0800,"org.eclipse.jdt.ui.CompilationUnitEditor",1298590091099
executed,command,org.eclipse.ui,3.6.1.M20100826-1330,"org.eclipse.ui.edit.cut",1298590094784
activated,editor,org.eclipse.jdt.ui,3.6.1.r361_v20100825-0800,"org.eclipse.jdt.ui.CompilationUnitEditor",1298590095301
executed,command,org.eclipse.ui,3.6.1.M20100826-1330,"org.eclipse.ui.edit.paste",1298590104785
executed,command,org.eclipse.ui,3.6.1.M20100826-1330,"org.eclipse.ui.edit.delete",1298590109426
executed,command,org.eclipse.ui,3.6.1.M20100826-1330,"org.eclipse.ui.file.save",1298590110198
executed,command,org.eclipse.ui,3.6.1.M20100826-1330,"org.eclipse.ui.edit.delete",1298590121920
executed,command,org.eclipse.ui,3.6.1.M20100826-1330,"org.eclipse.ui.edit.delete",1298590122048
executed,command,org.eclipse.ui,3.6.1.M20100826-1330,"org.eclipse.ui.file.save",1298590123281
executed,command,org.eclipse.ui,3.6.1.M20100826-1330,"org.eclipse.ui.file.saveAll",1298590125155
activated,editor,org.eclipse.jdt.ui,3.6.1.r361_v20100825-0800,"org.eclipse.jdt.ui.CompilationUnitEditor",1298590126940
executed,command,org.eclipse.ui,3.6.1.M20100826-1330,"org.eclipse.ui.file.save",1298590130039
activated,view,org.eclipse.jdt.junit,3.6.1.r361_v20100825-0800,"org.eclipse.jdt.junit.ResultView",1298590132324
activated,editor,org.eclipse.jdt.ui,3.6.1.r361_v20100825-0800,"org.eclipse.jdt.ui.CompilationUnitEditor",1298590133644
activated,editor,org.eclipse.jdt.ui,3.6.1.r361_v20100825-0800,"org.eclipse.jdt.ui.CompilationUnitEditor",1298590134737
activated,editor,org.eclipse.jdt.ui,3.6.1.r361_v20100825-0800,"org.eclipse.jdt.ui.CompilationUnitEditor",1298590135784
activated,view,org.eclipse.jdt.junit,3.6.1.r361_v20100825-0800,"org.eclipse.jdt.junit.ResultView",1298590142886
activated,editor,org.eclipse.jdt.ui,3.6.1.r361_v20100825-0800,"org.eclipse.jdt.ui.CompilationUnitEditor",1298590145299
activated,view,org.eclipse.jdt.junit,3.6.1.r361_v20100825-0800,"org.eclipse.jdt.junit.ResultView",1298590152338
activated,editor,org.eclipse.jdt.ui,3.6.1.r361_v20100825-0800,"org.eclipse.jdt.ui.CompilationUnitEditor",1298590153679
activated,editor,org.eclipse.jdt.ui,3.6.1.r361_v20100825-0800,"org.eclipse.jdt.ui.CompilationUnitEditor",1298590157528
activated,editor,org.eclipse.jdt.ui,3.6.1.r361_v20100825-0800,"org.eclipse.jdt.ui.CompilationUnitEditor",1298590162129
executed,command,org.eclipse.ui,3.6.1.M20100826-1330,"org.eclipse.ui.edit.copy",1298590167219
executed,command,org.eclipse.ui,3.6.1.M20100826-1330,"org.eclipse.ui.edit.paste",1298590168278
executed,command,,,"AUTOGEN:::org.eclipse.jdt.internal.ui.CompilationUnitEditor.ruler.actions/org.eclipse.jdt.internal.ui.javaeditor.JavaSelectRulerAction",1298590183360
deactivated,workbench,org.eclipse.ui.workbench,3.6.1.M20100826-1330,"",1298590184321
activated,workbench,org.eclipse.ui.workbench,3.6.1.M20100826-1330,"",1298590184468
executed,command,org.eclipse.ui,3.6.1.M20100826-1330,"org.eclipse.ui.file.saveAll",1298590184898
activated,view,org.eclipse.jdt.junit,3.6.1.r361_v20100825-0800,"org.eclipse.jdt.junit.ResultView",1298590186116
activated,editor,org.eclipse.jdt.ui,3.6.1.r361_v20100825-0800,"org.eclipse.jdt.ui.CompilationUnitEditor",1298590187143
activated,editor,org.eclipse.jdt.ui,3.6.1.r361_v20100825-0800,"org.eclipse.jdt.ui.CompilationUnitEditor",1298590188608
executed,command,org.eclipse.ui,3.6.1.M20100826-1330,"org.eclipse.ui.file.save",1298590192195
activated,editor,org.eclipse.jdt.ui,3.6.1.r361_v20100825-0800,"org.eclipse.jdt.ui.CompilationUnitEditor",1298590193818
activated,editor,org.eclipse.jdt.ui,3.6.1.r361_v20100825-0800,"org.eclipse.jdt.ui.CompilationUnitEditor",1298590195249
executed,command,org.eclipse.ui,3.6.1.M20100826-1330,"org.eclipse.ui.file.save",1298590198390
activated,editor,org.eclipse.jdt.ui,3.6.1.r361_v20100825-0800,"org.eclipse.jdt.ui.CompilationUnitEditor",1298590200570
activated,editor,org.eclipse.jdt.ui,3.6.1.r361_v20100825-0800,"org.eclipse.jdt.ui.CompilationUnitEditor",1298590201225
executed,command,org.eclipse.ui,3.6.1.M20100826-1330,"org.eclipse.ui.edit.undo",1298590214377
executed,command,org.eclipse.ui,3.6.1.M20100826-1330,"org.eclipse.ui.edit.undo",1298590214619
executed,command,org.eclipse.ui,3.6.1.M20100826-1330,"org.eclipse.ui.edit.undo",1298590214795
executed,command,org.eclipse.ui,3.6.1.M20100826-1330,"org.eclipse.ui.edit.undo",1298590215079
executed,command,org.eclipse.ui,3.6.1.M20100826-1330,"org.eclipse.ui.edit.undo",1298590215432
activated,editor,org.eclipse.jdt.ui,3.6.1.r361_v20100825-0800,"org.eclipse.jdt.ui.CompilationUnitEditor",1298590218905
activated,view,org.eclipse.jdt.junit,3.6.1.r361_v20100825-0800,"org.eclipse.jdt.junit.ResultView",1298590220909
activated,editor,org.eclipse.jdt.ui,3.6.1.r361_v20100825-0800,"org.eclipse.jdt.ui.CompilationUnitEditor",1298590223275
executed,command,org.eclipse.jdt.ui,3.6.1.r361_v20100825-0800,"org.eclipse.jdt.ui.edit.text.java.format",1298590230057
executed,command,org.eclipse.ui,3.6.1.M20100826-1330,"org.eclipse.ui.file.saveAll",1298590230323
executed,command,org.eclipse.ui,3.6.1.M20100826-1330,"org.eclipse.ui.edit.copy",1298590251667
executed,command,org.eclipse.ui,3.6.1.M20100826-1330,"org.eclipse.ui.edit.paste",1298590252644
executed,command,org.eclipse.ui,3.6.1.M20100826-1330,"org.eclipse.ui.edit.delete",1298590260488
executed,command,org.eclipse.ui,3.6.1.M20100826-1330,"org.eclipse.ui.edit.copy",1298590262017
executed,command,org.eclipse.ui,3.6.1.M20100826-1330,"org.eclipse.ui.edit.paste",1298590262980
executed,command,org.eclipse.ui,3.6.1.M20100826-1330,"org.eclipse.ui.edit.undo",1298590263324
executed,command,org.eclipse.ui,3.6.1.M20100826-1330,"org.eclipse.ui.edit.paste",1298590264779
executed,command,org.eclipse.ui,3.6.1.M20100826-1330,"org.eclipse.ui.edit.delete",1298590266859
executed,command,org.eclipse.ui,3.6.1.M20100826-1330,"org.eclipse.ui.file.save",1298590274054
executed,command,org.eclipse.jdt.ui,3.6.1.r361_v20100825-0800,"org.eclipse.jdt.ui.edit.text.java.format",1298590274567
executed,command,org.eclipse.ui,3.6.1.M20100826-1330,"org.eclipse.ui.file.saveAll",1298590274929
activated,view,org.eclipse.jdt.junit,3.6.1.r361_v20100825-0800,"org.eclipse.jdt.junit.ResultView",1298590277120
activated,editor,org.eclipse.jdt.ui,3.6.1.r361_v20100825-0800,"org.eclipse.jdt.ui.CompilationUnitEditor",1298590278974
activated,editor,org.eclipse.jdt.ui,3.6.1.r361_v20100825-0800,"org.eclipse.jdt.ui.CompilationUnitEditor",1298590288020
executed,command,org.eclipse.ui,3.6.1.M20100826-1330,"org.eclipse.ui.file.save",1298590295427
executed,command,org.eclipse.ui.workbench.texteditor,3.6.1.r361_v20100714-0800,"org.eclipse.ui.edit.text.goto.lineEnd",1298590299472
executed,command,org.eclipse.ui.workbench.texteditor,3.6.1.r361_v20100714-0800,"org.eclipse.ui.edit.text.goto.lineEnd",1298590300204
executed,command,org.eclipse.ui.workbench.texteditor,3.6.1.r361_v20100714-0800,"org.eclipse.ui.edit.text.goto.lineEnd",1298590309256
executed,command,org.eclipse.ui.workbench.texteditor,3.6.1.r361_v20100714-0800,"org.eclipse.ui.edit.text.goto.lineEnd",1298590309686
deactivated,workbench,org.eclipse.ui.workbench,3.6.1.M20100826-1330,"",1298590315216
activated,workbench,org.eclipse.ui.workbench,3.6.1.M20100826-1330,"",1298590319225
deactivated,workbench,org.eclipse.ui.workbench,3.6.1.M20100826-1330,"",1298590321572
activated,workbench,org.eclipse.ui.workbench,3.6.1.M20100826-1330,"",1298590324020
executed,command,org.eclipse.ui,3.6.1.M20100826-1330,"org.eclipse.ui.edit.text.contentAssist.proposals",1298590324580
deactivated,workbench,org.eclipse.ui.workbench,3.6.1.M20100826-1330,"",1298590327385
activated,workbench,org.eclipse.ui.workbench,3.6.1.M20100826-1330,"",1298590329734
deactivated,workbench,org.eclipse.ui.workbench,3.6.1.M20100826-1330,"",1298590330476
activated,workbench,org.eclipse.ui.workbench,3.6.1.M20100826-1330,"",1298590331756
executed,command,org.eclipse.jdt.ui,3.6.1.r361_v20100825-0800,"org.eclipse.jdt.ui.edit.text.java.organize.imports",1298590331781
executed,command,org.eclipse.jdt.ui,3.6.1.r361_v20100825-0800,"org.eclipse.jdt.ui.edit.text.java.organize.imports",1298590366132
executed,command,org.eclipse.ui,3.6.1.M20100826-1330,"org.eclipse.ui.file.save",1298590367343
activated,editor,org.eclipse.jdt.ui,3.6.1.r361_v20100825-0800,"org.eclipse.jdt.ui.CompilationUnitEditor",1298590372027
deactivated,workbench,org.eclipse.ui.workbench,3.6.1.M20100826-1330,"",1298590373287
activated,workbench,org.eclipse.ui.workbench,3.6.1.M20100826-1330,"",1298590381020
activated,editor,org.eclipse.jdt.ui,3.6.1.r361_v20100825-0800,"org.eclipse.jdt.ui.CompilationUnitEditor",1298590382936
deactivated,workbench,org.eclipse.ui.workbench,3.6.1.M20100826-1330,"",1298590383483
activated,workbench,org.eclipse.ui.workbench,3.6.1.M20100826-1330,"",1298590403975
executed,command,org.eclipse.ui,3.6.1.M20100826-1330,"org.eclipse.ui.edit.delete",1298590407495
executed,command,org.eclipse.ui,3.6.1.M20100826-1330,"org.eclipse.ui.edit.text.contentAssist.proposals",1298590411943
executed,command,org.eclipse.ui,3.6.1.M20100826-1330,"org.eclipse.ui.file.save",1298590454936
executed,command,org.eclipse.ui.workbench.texteditor,3.6.1.r361_v20100714-0800,"org.eclipse.ui.edit.text.goto.lineEnd",1298590455404
executed,command,org.eclipse.ui.workbench.texteditor,3.6.1.r361_v20100714-0800,"org.eclipse.ui.edit.text.goto.wordNext",1298590456791
executed,command,org.eclipse.ui.workbench.texteditor,3.6.1.r361_v20100714-0800,"org.eclipse.ui.edit.text.select.wordNext",1298590456966
executed,command,org.eclipse.ui.workbench.texteditor,3.6.1.r361_v20100714-0800,"org.eclipse.ui.edit.text.select.wordNext",1298590457108
executed,command,org.eclipse.ui.workbench.texteditor,3.6.1.r361_v20100714-0800,"org.eclipse.ui.edit.text.select.wordNext",1298590457283
executed,command,org.eclipse.ui.workbench.texteditor,3.6.1.r361_v20100714-0800,"org.eclipse.ui.edit.text.select.lineStart",1298590458638
executed,command,org.eclipse.ui.workbench.texteditor,3.6.1.r361_v20100714-0800,"org.eclipse.ui.edit.text.goto.lineEnd",1298590459924
executed,command,org.eclipse.ui.workbench.texteditor,3.6.1.r361_v20100714-0800,"org.eclipse.ui.edit.text.toggleOverwrite",1298590461556
executed,command,org.eclipse.ui.workbench.texteditor,3.6.1.r361_v20100714-0800,"org.eclipse.ui.edit.text.toggleOverwrite",1298590462555
executed,command,org.eclipse.ui,3.6.1.M20100826-1330,"org.eclipse.ui.file.save",1298590462918
executed,command,org.eclipse.jdt.ui,3.6.1.r361_v20100825-0800,"org.eclipse.jdt.ui.edit.text.java.organize.imports",1298590465184
executed,command,org.eclipse.ui,3.6.1.M20100826-1330,"org.eclipse.ui.file.saveAll",1298590465399
executed,command,org.eclipse.ui,3.6.1.M20100826-1330,"org.eclipse.ui.file.save",1298590470877
activated,view,org.eclipse.jdt.junit,3.6.1.r361_v20100825-0800,"org.eclipse.jdt.junit.ResultView",1298590477042
executed,command,org.eclipse.jdt.junit,3.6.1.r361_v20100825-0800,"org.eclipse.jdt.junit.junitShortcut.rerunLast",1298590477143
executed,command,org.eclipse.jdt.junit,3.6.1.r361_v20100825-0800,"org.eclipse.jdt.junit.junitShortcut.rerunFailedFirst",1298590479833
executed,command,org.eclipse.jdt.junit,3.6.1.r361_v20100825-0800,"org.eclipse.jdt.junit.junitShortcut.rerunFailedFirst",1298590481040
executed,command,org.eclipse.jdt.junit,3.6.1.r361_v20100825-0800,"org.eclipse.jdt.junit.junitShortcut.rerunLast",1298590482198
activated,editor,org.eclipse.jdt.ui,3.6.1.r361_v20100825-0800,"org.eclipse.jdt.ui.CompilationUnitEditor",1298590484065
activated,view,org.eclipse.jdt.junit,3.6.1.r361_v20100825-0800,"org.eclipse.jdt.junit.ResultView",1298590486122
activated,editor,org.eclipse.jdt.ui,3.6.1.r361_v20100825-0800,"org.eclipse.jdt.ui.CompilationUnitEditor",1298590486310
activated,editor,org.eclipse.jdt.ui,3.6.1.r361_v20100825-0800,"org.eclipse.jdt.ui.CompilationUnitEditor",1298590488379
deactivated,workbench,org.eclipse.ui.workbench,3.6.1.M20100826-1330,"",1298590488706
activated,workbench,org.eclipse.ui.workbench,3.6.1.M20100826-1330,"",1298590493310
activated,editor,org.eclipse.jdt.ui,3.6.1.r361_v20100825-0800,"org.eclipse.jdt.ui.CompilationUnitEditor",1298590504422
executed,command,,,"AUTOGEN:::org.eclipse.jdt.debug.CompilationUnitEditor.BreakpointRulerActions/org.eclipse.jdt.debug.ui.actions.ManageBreakpointRulerAction",1298590507576
activated,perspective,org.eclipse.debug.ui,3.6.1.v20100901_r361,"org.eclipse.debug.ui.DebugPerspective",1298590509789
activated,view,org.eclipse.debug.ui,3.6.1.v20100901_r361,"org.eclipse.debug.ui.BreakpointView",1298590510658
activated,view,org.eclipse.debug.ui,3.6.1.v20100901_r361,"org.eclipse.debug.ui.VariableView",1298590516237
activated,view,org.eclipse.debug.ui,3.6.1.v20100901_r361,"org.eclipse.debug.ui.DebugView",1298590532214
executed,command,org.eclipse.debug.ui,3.6.1.v20100901_r361,"org.eclipse.debug.ui.commands.Resume",1298590532271
activated,editor,org.eclipse.jdt.ui,3.6.1.r361_v20100825-0800,"org.eclipse.jdt.ui.CompilationUnitEditor",1298590534192
activated,editor,org.eclipse.jdt.ui,3.6.1.r361_v20100825-0800,"org.eclipse.jdt.ui.CompilationUnitEditor",1298590535449
executed,command,org.eclipse.ui,3.6.1.M20100826-1330,"org.eclipse.ui.edit.delete",1298590547955
executed,command,org.eclipse.ui,3.6.1.M20100826-1330,"org.eclipse.ui.file.save",1298590550621
activated,view,org.eclipse.jdt.junit,3.6.1.r361_v20100825-0800,"org.eclipse.jdt.junit.ResultView",1298590554710
activated,view,org.eclipse.debug.ui,3.6.1.v20100901_r361,"org.eclipse.debug.ui.DebugView",1298590554777
activated,editor,org.eclipse.jdt.ui,3.6.1.r361_v20100825-0800,"org.eclipse.jdt.ui.CompilationUnitEditor",1298590555934
activated,view,org.eclipse.debug.ui,3.6.1.v20100901_r361,"org.eclipse.debug.ui.VariableView",1298590558251
deactivated,workbench,org.eclipse.ui.workbench,3.6.1.M20100826-1330,"",1298590562218
activated,workbench,org.eclipse.ui.workbench,3.6.1.M20100826-1330,"",1298590614992
deactivated,workbench,org.eclipse.ui.workbench,3.6.1.M20100826-1330,"",1298590615312
activated,workbench,org.eclipse.ui.workbench,3.6.1.M20100826-1330,"",1298590615863
executed,command,org.eclipse.debug.ui,3.6.1.v20100901_r361,"org.eclipse.debug.ui.commands.Resume",1298590616944
activated,editor,org.eclipse.jdt.ui,3.6.1.r361_v20100825-0800,"org.eclipse.jdt.ui.CompilationUnitEditor",1298590617504
activated,editor,org.eclipse.jdt.ui,3.6.1.r361_v20100825-0800,"org.eclipse.jdt.ui.CompilationUnitEditor",1298590618497
activated,editor,org.eclipse.jdt.ui,3.6.1.r361_v20100825-0800,"org.eclipse.jdt.ui.CompilationUnitEditor",1298590618976
activated,editor,org.eclipse.jdt.ui,3.6.1.r361_v20100825-0800,"org.eclipse.jdt.ui.CompilationUnitEditor",1298590620654
executed,command,org.eclipse.ui,3.6.1.M20100826-1330,"org.eclipse.ui.file.save",1298590624346
activated,editor,org.eclipse.jdt.ui,3.6.1.r361_v20100825-0800,"org.eclipse.jdt.ui.CompilationUnitEditor",1298590627476
activated,view,org.eclipse.debug.ui,3.6.1.v20100901_r361,"org.eclipse.debug.ui.VariableView",1298590629922
activated,editor,org.eclipse.jdt.ui,3.6.1.r361_v20100825-0800,"org.eclipse.jdt.ui.CompilationUnitEditor",1298590643426
deactivated,workbench,org.eclipse.ui.workbench,3.6.1.M20100826-1330,"",1298590650090
activated,workbench,org.eclipse.ui.workbench,3.6.1.M20100826-1330,"",1298590690550
executed,command,org.eclipse.ui,3.6.1.M20100826-1330,"org.eclipse.ui.file.save",1298590695246
executed,command,org.eclipse.ui,3.6.1.M20100826-1330,"org.eclipse.ui.file.save",1298590696591
activated,view,org.eclipse.debug.ui,3.6.1.v20100901_r361,"org.eclipse.debug.ui.DebugView",1298590698108
executed,command,org.eclipse.debug.ui,3.6.1.v20100901_r361,"org.eclipse.debug.ui.commands.Resume",1298590698174
activated,editor,org.eclipse.jdt.ui,3.6.1.r361_v20100825-0800,"org.eclipse.jdt.ui.CompilationUnitEditor",1298590703120
deactivated,workbench,org.eclipse.ui.workbench,3.6.1.M20100826-1330,"",1298590703430
activated,workbench,org.eclipse.ui.workbench,3.6.1.M20100826-1330,"",1298590707019
executed,command,org.eclipse.ui,3.6.1.M20100826-1330,"org.eclipse.ui.file.save",1298590709329
activated,view,org.eclipse.wst.server.ui,1.1.205.v20100908,"org.eclipse.wst.server.ui.ServersView",1298590711462
activated,view,org.eclipse.debug.ui,3.6.1.v20100901_r361,"org.eclipse.debug.ui.DebugView",1298590712762
activated,editor,org.eclipse.jdt.ui,3.6.1.r361_v20100825-0800,"org.eclipse.jdt.ui.CompilationUnitEditor",1298590715631
executed,command,org.eclipse.ui,3.6.1.M20100826-1330,"org.eclipse.ui.file.save",1298590716866
activated,editor,org.eclipse.jdt.ui,3.6.1.r361_v20100825-0800,"org.eclipse.jdt.ui.CompilationUnitEditor",1298590718933
activated,view,org.eclipse.debug.ui,3.6.1.v20100901_r361,"org.eclipse.debug.ui.VariableView",1298590720707
deactivated,workbench,org.eclipse.ui.workbench,3.6.1.M20100826-1330,"",1298590726442
activated,workbench,org.eclipse.ui.workbench,3.6.1.M20100826-1330,"",1298590741117
activated,view,org.eclipse.debug.ui,3.6.1.v20100901_r361,"org.eclipse.debug.ui.DebugView",1298590743134
executed,command,org.eclipse.debug.ui,3.6.1.v20100901_r361,"org.eclipse.debug.ui.commands.Resume",1298590743207
activated,editor,org.eclipse.jdt.ui,3.6.1.r361_v20100825-0800,"org.eclipse.jdt.ui.CompilationUnitEditor",1298590744839
executed,command,org.eclipse.ui,3.6.1.M20100826-1330,"org.eclipse.ui.file.save",1298590762154
activated,editor,org.eclipse.jdt.ui,3.6.1.r361_v20100825-0800,"org.eclipse.jdt.ui.CompilationUnitEditor",1298590767886
activated,view,org.eclipse.debug.ui,3.6.1.v20100901_r361,"org.eclipse.debug.ui.VariableView",1298590769563
activated,editor,org.eclipse.jdt.ui,3.6.1.r361_v20100825-0800,"org.eclipse.jdt.ui.CompilationUnitEditor",1298590776625
activated,editor,org.eclipse.jdt.ui,3.6.1.r361_v20100825-0800,"org.eclipse.jdt.ui.CompilationUnitEditor",1298590777744
deactivated,workbench,org.eclipse.ui.workbench,3.6.1.M20100826-1330,"",1298590783970
activated,workbench,org.eclipse.ui.workbench,3.6.1.M20100826-1330,"",1298590784576
deactivated,workbench,org.eclipse.ui.workbench,3.6.1.M20100826-1330,"",1298590784928
activated,workbench,org.eclipse.ui.workbench,3.6.1.M20100826-1330,"",1298590806660
executed,command,org.eclipse.ui,3.6.1.M20100826-1330,"org.eclipse.ui.edit.delete",1298590815238
executed,command,org.eclipse.ui,3.6.1.M20100826-1330,"org.eclipse.ui.edit.delete",1298590815436
executed,command,org.eclipse.ui,3.6.1.M20100826-1330,"org.eclipse.ui.edit.delete",1298590815599
executed,command,org.eclipse.ui,3.6.1.M20100826-1330,"org.eclipse.ui.file.save",1298590816004
activated,view,org.eclipse.jdt.junit,3.6.1.r361_v20100825-0800,"org.eclipse.jdt.junit.ResultView",1298590819750
activated,view,org.eclipse.debug.ui,3.6.1.v20100901_r361,"org.eclipse.debug.ui.DebugView",1298590819826
activated,editor,org.eclipse.jdt.ui,3.6.1.r361_v20100825-0800,"org.eclipse.jdt.ui.CompilationUnitEditor",1298590820636
activated,view,org.eclipse.debug.ui,3.6.1.v20100901_r361,"org.eclipse.debug.ui.VariableView",1298590823429
executed,command,org.eclipse.debug.ui,3.6.1.v20100901_r361,"org.eclipse.debug.ui.commands.Resume",1298590830879
deactivated,workbench,org.eclipse.ui.workbench,3.6.1.M20100826-1330,"",1298590838434
activated,workbench,org.eclipse.ui.workbench,3.6.1.M20100826-1330,"",1298590862864
deactivated,workbench,org.eclipse.ui.workbench,3.6.1.M20100826-1330,"",1298590865755
activated,workbench,org.eclipse.ui.workbench,3.6.1.M20100826-1330,"",1298590867433
activated,editor,org.eclipse.jdt.ui,3.6.1.r361_v20100825-0800,"org.eclipse.jdt.ui.CompilationUnitEditor",1298590869832
activated,editor,org.eclipse.jdt.ui,3.6.1.r361_v20100825-0800,"org.eclipse.jdt.ui.CompilationUnitEditor",1298590881446
activated,editor,org.eclipse.jdt.ui,3.6.1.r361_v20100825-0800,"org.eclipse.jdt.ui.CompilationUnitEditor",1298590882231
activated,view,org.eclipse.debug.ui,3.6.1.v20100901_r361,"org.eclipse.debug.ui.DebugView",1298590885442
executed,command,org.eclipse.debug.ui,3.6.1.v20100901_r361,"org.eclipse.debug.ui.commands.Resume",1298590885512
deactivated,workbench,org.eclipse.ui.workbench,3.6.1.M20100826-1330,"",1298590887481
activated,workbench,org.eclipse.ui.workbench,3.6.1.M20100826-1330,"",1298590888253
deactivated,workbench,org.eclipse.ui.workbench,3.6.1.M20100826-1330,"",1298590888390
activated,workbench,org.eclipse.ui.workbench,3.6.1.M20100826-1330,"",1298590911698
activated,editor,org.eclipse.jdt.ui,3.6.1.r361_v20100825-0800,"org.eclipse.jdt.ui.CompilationUnitEditor",1298590913584
executed,command,org.eclipse.ui,3.6.1.M20100826-1330,"org.eclipse.ui.edit.delete",1298590915666
executed,command,org.eclipse.ui,3.6.1.M20100826-1330,"org.eclipse.ui.edit.delete",1298590915841
executed,command,org.eclipse.ui,3.6.1.M20100826-1330,"org.eclipse.ui.edit.delete",1298590916032
executed,command,org.eclipse.ui,3.6.1.M20100826-1330,"org.eclipse.ui.edit.delete",1298590916225
executed,command,org.eclipse.ui,3.6.1.M20100826-1330,"org.eclipse.ui.file.save",1298590918109
activated,editor,org.eclipse.jdt.ui,3.6.1.r361_v20100825-0800,"org.eclipse.jdt.ui.CompilationUnitEditor",1298590922265
activated,view,org.eclipse.debug.ui,3.6.1.v20100901_r361,"org.eclipse.debug.ui.DebugView",1298590925195
executed,command,org.eclipse.debug.ui,3.6.1.v20100901_r361,"org.eclipse.debug.ui.commands.Terminate",1298590925270
activated,editor,org.eclipse.jdt.ui,3.6.1.r361_v20100825-0800,"org.eclipse.jdt.ui.CompilationUnitEditor",1298590926057
activated,editor,org.eclipse.jdt.ui,3.6.1.r361_v20100825-0800,"org.eclipse.jdt.ui.CompilationUnitEditor",1298590926710
executed,command,org.eclipse.ui,3.6.1.M20100826-1330,"org.eclipse.ui.edit.delete",1298590927835
executed,command,org.eclipse.ui,3.6.1.M20100826-1330,"org.eclipse.ui.edit.delete",1298590928003
executed,command,org.eclipse.ui,3.6.1.M20100826-1330,"org.eclipse.ui.edit.delete",1298590928411
executed,command,org.eclipse.ui,3.6.1.M20100826-1330,"org.eclipse.ui.file.save",1298590928724
activated,editor,org.eclipse.jdt.ui,3.6.1.r361_v20100825-0800,"org.eclipse.jdt.ui.CompilationUnitEditor",1298590931576
activated,view,org.eclipse.debug.ui,3.6.1.v20100901_r361,"org.eclipse.debug.ui.VariableView",1298590933372
deactivated,workbench,org.eclipse.ui.workbench,3.6.1.M20100826-1330,"",1298590956474
activated,workbench,org.eclipse.ui.workbench,3.6.1.M20100826-1330,"",1298590957718
activated,editor,org.eclipse.jdt.ui,3.6.1.r361_v20100825-0800,"org.eclipse.jdt.ui.CompilationUnitEditor",1298590965585
activated,view,org.eclipse.debug.ui,3.6.1.v20100901_r361,"org.eclipse.debug.ui.DebugView",1298590966339
executed,command,org.eclipse.debug.ui,3.6.1.v20100901_r361,"org.eclipse.debug.ui.commands.Resume",1298590966391
activated,editor,org.eclipse.jdt.ui,3.6.1.r361_v20100825-0800,"org.eclipse.jdt.ui.CompilationUnitEditor",1298590967841
deactivated,workbench,org.eclipse.ui.workbench,3.6.1.M20100826-1330,"",1298590994263
activated,workbench,org.eclipse.ui.workbench,3.6.1.M20100826-1330,"",1298591008173
deactivated,workbench,org.eclipse.ui.workbench,3.6.1.M20100826-1330,"",1298591008605
activated,workbench,org.eclipse.ui.workbench,3.6.1.M20100826-1330,"",1298591009171
executed,command,org.eclipse.ui,3.6.1.M20100826-1330,"org.eclipse.ui.edit.text.contentAssist.proposals",1298591038818
executed,command,org.eclipse.ui.workbench.texteditor,3.6.1.r361_v20100714-0800,"org.eclipse.ui.edit.text.goto.lineEnd",1298591046191
executed,command,org.eclipse.ui,3.6.1.M20100826-1330,"org.eclipse.ui.file.save",1298591053431
executed,command,org.eclipse.ui.workbench.texteditor,3.6.1.r361_v20100714-0800,"org.eclipse.ui.edit.text.goto.lineEnd",1298591053955
executed,command,org.eclipse.ui.workbench.texteditor,3.6.1.r361_v20100714-0800,"org.eclipse.ui.edit.text.goto.lineEnd",1298591054568
executed,command,org.eclipse.ui.workbench.texteditor,3.6.1.r361_v20100714-0800,"org.eclipse.ui.edit.text.goto.lineEnd",1298591057797
